{
  "Tawseleh": "توصيلة",
  "Language": "اللغة",
  "Arabic": "العربية",
  "English": "الإنجليزية",
  "User already registered": "المستخدم مسجل بالفعل",
  "Welcome to Tawseleh": "مرحبًا بكم في توصيلة",
  "Take Advantage of Our Services for FREE": "استفد من خدماتنا مجانًا",
  "Sign Up": "إنشاء حساب",
  "Login": "تسجيل الدخول",
  "You will receive a code to confirm your mobile number shortly": "سوف تتلقى رمز للتأكيد رقم هاتفك المحمول قريبا",
  "confirm OTP": "تأكيد OTP",
  "PasswordCriteria": "يجب أن تحتوي على 6 أحرف كحد أدنى ، حرف واحد ، رقم واحد",
  "Lets create an account!": "دعونا ننشئ حسابك!",
  "Already have an account?": "هل لديك حساب؟",
  "Please enter some text": "الرجاء إدخال نص",
  "Dont have an account yet?": "لا تملك حسابا حتى الآن؟",
  "First Name": "الاسم الأول",
  "Last Name": "الاسم الآخير",
  "Phone Number": "رقم الهاتف",
  "Password": "كلمة السر",
  "Gender": "الجنس",
  "Error": "خطأ",
  "Your account is deleted": "تم حذف حسابك",
  "Are you sure you want to delete your account? All your data will be lost": "Are you sure you want to delete your account? All your data will be lost",
  "Delete Account": "حذف الحساب",
  "Personal Information": "معلومات شخصية",
  "Photo, Name, Phone Number, Gender": "الصورة ، الاسم ، رقم الهاتف ، الجنس",
  "Forget Password": "نسيت كلمة السر",
  "You will receive a code to confirm your mobile number and reset your password shortly.": "سيصلك رمز بعد قليل لتأكيد رقم هاتفك وإعادة تعيين كلمة السر",
  "Add Code": "إضافة الرمز",
  "Home Page": "الصفحة الرئيسية",
  "User’s Account": "حساب المُستخدم",
  "Your Profile": "ملفك الشخصي",
  "Find a Ride": "إيجاد توصيلة",
  "No Data Found": "لا يوجد بيانات",
  "Set your gender": "حدد جنسك",
  "Create a Ride": "إنشاء توصيلة",
  "Upload Picture": "تحميل صورة",
  "Username": "اسم المُستخدم",
  "Change": "يتغير",
  "Sign Out": "تسجيل الخروج",
  "Later": "لاحقاً",
  "Both": "كلاهما",
  "Block User": "حظر المستخدم",
  "You have blocked this user. Tap to unblock": "لقد قمت بحظر هذا المستخدم. انقر لإلغاء الحظر",
  "/Per Seat": "/لكل مقعد",
  "JOD Price/Per Seat": "دينار السعر/ لكل مقعد",
  "Set your language": "اضبط لغتك",
  "Account Photo": "صورة الحساب",
  "Male": "ذكر",
  "Female": "أنثى",
  "Take a photo": "التقاط صورة",
  "Please Wait": "انتظر من فضلك",
  "Messages": "الرسائل",
  "Rides Created": "التوصيلات التي أنشئت",
  "Settings": "الإعدادات",
  "Filter by": "تصفية حسب:",
  "Departure Destination": "وجهة المغادرة",
  "Arrival Destination": "وجهة الوصول",
  "Time": "الوقت",
  "Date": "التاريخ",
  "Price": "السعر",
  "Search": "بحث",
  "JOD": "دينار",
  "Next": "التالي",
  "Are you sure you want to share your location": "هل أنت متأكد أنك تريد مشاركة موقعك",
  "Change Password": "تغيير كلمة المرور",
  "New Password": "كلمة المرور الجديدة",
  "Start Time": "وقت البدء",
  "End Time": "وقت النهاية",
  "Upload Car Picture": "تحميل صورة السيارة",
  "Available Seat": "مقعد متاح",
  "Publish": "انشر",
  "Price Per Seat": "سعر المقعد",
  "to": "إلى",
  "No user with this phone number exists. Please signup first": "لا يوجد مستخدم برقم الهاتف هذا. الرجاء التسجيل أولا",
  "Update": "تحديث",
  "No Rides Available": "لا تتوفر رحلات",
  "Are you sure you want to delete this ride?": "هل أنت متأكد أنك تريد حذف هذه الرحلة؟",
  "View": "يعرض",
  "All Rides": "جميع التوصيالت",
  "Ride Successfully Updated": "تم تحديث التوصيلة بنجاح",
  "My Rides": "رحلاتي",
  "Phone number and password do not match": "رقم الهاتف وكلمة المرور غير متطابقين",
  "My Chats": "دردشاتي",
  "Chat to Book": "دردش للحجز",
  "Driver’s Profile": "ملف السائق",
  "Edit the Ride": "تعديل التوصيلة",
  "Delete the Ride": "حذف التوصيلة",
  "Page 1 of": "صفحة 1 من",
  "Next Page": "الصفحة التالية",
  "Retype the Password": "إعادة تعيين كلمة السر",
  "Filter": "تصفية البحث",
  "Amman": "عمان",
  "Umm Al-Usoud": "أم الأسود",
  "Umm Al-Amad": "أم العمد",
  "Umm al Kundum": "أم الكندم",
  "Um Rummanah": "أم رمانة",
  "Umm Shterat": "أم شطيرات",
  "Umm Quseir": "أم قصير",
  "Abu Al-Sous": "ابو السوس",
  "Abu Al-Nair": "ابو النعير",
  "Abu Alanda": "ابو علندا",
  "Abu Nsair": "ابو نصير",
  "Areinba Al Sharqiyah": "ارينبه الشرقية",
  "Areinba Al Gharbiyah": "ارينبه الغربية",
  "Al-Amir Hamzah": "الأمير حمزة",
  "Al-Iman": "الايمان",
  "Bahath": "البحاث",
  "Baqa'a Camp": "البقعه",
  "Al Bnayyat": "البنيات",
  "Al Bayader": "البيادر",
  "Al-Baida": "البيضاء",
  "Al Gardens": "الجاردنز",
  "Al-Jabal Al-Akhdar": "الجبل الأخضر",
  "Jubaiha": "الجبيهة",
  "Al-Jumayyil": "الجميل",
  "Al Jandaweel": "الجندويل",
  "Al-Jweideh": "الجويدة",
  "Al Jizah": "الجيزة",
  "Al Hurryeh": "الحرّيّة",
  "Al-Husnyeh": "الحسنية",
  "Al Hummar": "الحمر",
  "Al-Humranyah": "الحمرانية",
  "Al-Khreim": "الخريم",
  "Al-Khaznah": "الخزنة",
  "Alkhashafia": "الخشافية",
  "Al-Khadra": "الخضراء",
  "Al-Dmeenah": "الدمينا",
  "Al-Dmenah": "الدمينه",
  "1st Circle": "الدوار الأول",
  "3rd Circle": "الدوار الثالث",
  "8th Circle": "الدوار الثامن",
  "2nd Circle": "الدوار الثاني",
  "5th Circle": "الدوار الخامس",
  "4th Circle": "الدوار الرابع",
  "7th Circle": "الدوار السابع",
  "6th Circle": "الدوار السادس",
  "Al-Diyar": "الديار",
  "Al-Thra": "الذراع",
  "Al-Dhuheibah": "الذهيبة",
  "Al-Dhuheibah Al-Gharbiyah": "الذهيبة الغربيه",
  "Dhuheibah Al-Sharqiyah": "الذهيبه الشرقيه",
  "Al Rabiah": "الرابية",
  "Al-Rabwa": "الربوة",
  "Al-Rjoum": "الرجوم",
  "Al Rajeeb": "الرجيب",
  "Al-Rajila": "الرجيلة",
  "Al Ridwan": "الرضوان",
  "Al-Raqim": "الرقيم",
  "Al Rawabi": "الروابي",
  "Al Rawnaq": "الرونق",
  "Al-Zafaran": "الزعفران",
  "Al-Zamila": "الزميلة",
  "Al-Zahra": "الزهراء",
  "Al-Zaytouneh": "الزيتونة",
  "As Sarou": "السرو",
  "Al Sahl": "السهل",
  "Al Sina'a": "الصناعة",
  "Swefieh": "الصويفية",
  "Al-Dia": "الضياء",
  "Al Tuneib": "الطنيب",
  "Al-Thuheir": "الظهير",
  "Al-'Al": "العال",
  "Abdali": "العبدلي",
  "Al-Abdaliya": "العبدلية",
  "Al-Adlyeh": "العدلية",
  "Al-Oroubah": "العروبة",
  "Al-Awdeh": "العودة",
  "Al-Fuhais": "الفحيص",
  "Al-Feisal": "الفيصل",
  "Al Qastal": "القسطل",
  "Al-Qasabat": "القصبات",
  "Al-Qusour": "القصور",
  "Al-Quneitirah": "القنيطره",
  "Al Qwaismeh": "القويسمة",
  "Al-Kutaifah": "الكتيفه",
  "Al Kursi": "الكرسي",
  "Al Kamaliya": "الكمالية",
  "Al-Kom Al-Sharqi": "الكوم الشرقي",
  "Al-Kom Al-Gharbi": "الكوم الغربي",
  "Al Lubban": "اللبّن",
  "Madonna": "الماضونة",
  "Al-Mahatta": "المحطة",
  "Sports City": "المدينة الرياضية",
  "Al-Marqab": "المرقب",
  "Al-Mustanada": "المستندة",
  "Al-Mushatta": "المشتى",
  "Al-Mashqar": "المشقر",
  "Al-Ma'adi": "المعادي",
  "Al-Mugairat": "المغيرات",
  "Al Muqabalain": "المقابلين",
  "Al Manarah": "المناره",
  "Al-Mansour": "المنصور",
  "Al-Muwaqqar": "الموقر",
  "Al-Nuqairah": "النقيرة",
  "Al-Naharyah": "النهارية",
  "Al Hashmi Al Janobi": "الهاشمي الجنوبي",
  "Al Hashmi Al Shamali": "الهاشمي الشمالي",
  "Al-Wehdat": "الوحدات",
  "Al Yadudah": "اليادودة",
  "Daheit Al Yasmeen": "الياسمين",
  "Al-Yarmouk": "اليرموك",
  "Um Uthaiena": "ام اذينة",
  "Um al Basateen": "ام البساتين",
  "Umm A-Dananir": "ام الدنانير",
  "Umm Al-Rasas": "ام الرصاص",
  "Um El Summaq": "ام السماق",
  "Um Batma": "ام بطمه",
  "Umm Zuwaytinah": "ام زويتينة",
  "Umm Nowarah": "ام نوارة",
  "Badr": "بدر",
  "Badr Jdedeh": "بدر الجديدة",
  "Basman": "بسمان",
  "Bilal": "بلال",
  "Birayn": "بيرين",
  "Tla' Ali": "تلاع العلي",
  "Jawa": "جاوا",
  "Al Ashrafyeh": "جبل الأشرفية",
  "Jabal Al-Taj": "جبل التاج",
  "Jabal Al-Jofah": "جبل الجوفة",
  "Jabal Al Hussain": "جبل الحسين",
  "Jabal Al Zohor": "جبل الزهور",
  "Jabal Al-Lweibdeh": "جبل اللويبدة",
  "Jabal Al-Marrikh": "جبل المريخ",
  "Jabal Al Nuzha": "جبل النزهة",
  "Jabal Al Naser": "جبل النصر",
  "Jabal Al-Nathif": "جبل النظيف",
  "Jabal Amman": "جبل عمان",
  "Jelul": "جلول",
  "Hjar Al Nawabilseh": "حجار النوابلسة",
  "Husban": "حسبان",
  "Hettin": "حطين",
  "Howarah": "حوارة",
  "Hay Albarakeh": "حي البركة",
  "Hay Alkhaledeen": "حي الخالدين",
  "Hay Al Rahmanieh": "حي الرحمانية",
  "Hay Alsaleheen": "حي الصالحين",
  "Al-Shabah": "حي الصحابة",
  "Adan": "حي عدن",
  "Hai Nazzal": "حي نزال",
  "khan Al-Zabib": "خان الزبيب",
  "Khirbet Sooq": "خربة السوق",
  "Khalda": "خلدا",
  "Dabouq": "دابوق",
  "Deir Ghbar": "دير غبار",
  "Ras El Ain": "راس العين",
  "Rujm ash Shami": "رجم الشامي",
  "Rajm Al-Shof": "رجم الشوف",
  "Rajm Amesh": "رجم عميش",
  "Zabboud": "زبود",
  "Zumlat al Ulya": "زملة العليا",
  "Zuwayza": "زويزا",
  "Zinat Al-Rubue": "زينات الربوع",
  "Zeinab": "زينب",
  "Salem": "سالم",
  "Sahab": "سحاب",
  "Al Urdon Street": "شارع الأردن",
  "University Street": "شارع الجامعة",
  "Medina Street": "شارع المدينة",
  "Almih St": "شارع المية",
  "Mecca Street": "شارع مكة",
  "Shafa Badran": "شفا بدران",
  "Shmaisani": "شميساني",
  "Safut": "صافوط",
  "Salihiyat Al-Abid": "صالحية العابد",
  "Sufa": "صوفا",
  "Swelieh": "صويلح",
  "Dahiet Al Ameer Ali": "ضاحية الأمير علي",
  "Dahiet Al-Istiqlal": "ضاحية الاستقلال",
  "Daheit Al Aqsa": "ضاحية الاقصى",
  "Daheit Al Ameer Hasan": "ضاحية الامير حسن",
  "Dahiet Al Ameer Rashed": "ضاحية الامير راشد",
  "Daheit Al-Haj Hassan": "ضاحية الحاج حسن",
  "Dahiet Al Hussain": "ضاحية الحسين",
  "Daheit Al Rasheed": "ضاحية الرشيد",
  "Dahiet Al-Rawda": "ضاحية الروضة",
  "Dahiet Al-Nakheel": "ضاحية النخيل",
  "Dab'a": "ضبعه",
  "Tabarboor": "طبربور",
  "Airport Road - Manaseer Gs": "طريق المطار",
  "Airport Road - Dunes Bridge": "طريق المطار - جسر ديونز",
  "Airport Road - Madaba Bridge": "طريق المطار - جسر مادبا",
  "Tloo' Al-Misdar": "طلوع المصدار",
  "Abdoun": "عبدون",
  "Iraq Al Ameer": "عراق الامير",
  "Arjan": "عرجان",
  "Ayn Rbat": "عين رباط",
  "Uyun Al-Dhib": "عيون الذيب",
  "Qafor": "قعفور",
  "Mahes": "ماحص",
  "Marka": "ماركا",
  "Marj El Hamam": "مرج الحمام",
  "Marj Al-Furs": "مرج الفرس",
  "Mobes": "موبص",
  "Naour": "ناعور",
  "Wadi Al Haddadeh": "وادي الحدادة",
  "Wadi Al-Srour": "وادي السرور",
  "Wadi El Seer": "وادي السير",
  "Wadi Al-Tay": "وادي الطي",
  "Wadi Al-Eish": "وادي العش",
  "Wadi Saqra": "وادي صقرة",
  "Downtown": "وسط البلد",
  "Yajouz": "ياجوز",
  
  "Irbid": "إربد",
  "30 Street": "شارع الثلاثين",
  "Al Balad": "البلد",
  "Al Barha": "البارحة",
  "Al Barha Street": "شارع البارحة",
  "Al Dorra Circle": "دوار الدرة",
  "Al Eiadat Circle": "دوار العيادات",
  "Al-Hashmy Street": "شارع الهاشمي",
  "Al Hay Al Gharby": "الحي الغربي",
  "Al Hay Al Janooby": "الحي الجنوبي",
  "Al Hay Al Sharqy": "الحي الشرقي",
  "Al Hisbeh Al Markizeya": "الحسبة المركزية",
  "Al Husn": "الحصن",
  "Al Huson Street": "شارع الحصن",
  "Al Lawazem Circle": "دوار اللوازم",
  "Al Madinah Al Sena'eiah": "المدينة الصناعية",
  "Al Madrase Al Shamela": "المدرسة الشاملة",
  "Al Mal'ab Al Baladi": "الملعب البلدي",
  "Al Matla'": "المطلع",
  "Al Naseem Circle": "دوار النسيم",
  "Al Nuzha": "النزهة",
  "Al Qubeh Circle": "دوار القبة",
  "Al Quds Street": "شارع القدس",
  "Al Rahebat Al Wardiah": "الراهبات الوردية",
  "Al Sareeh": "الصريح",
  "Al Sonbola": "السنبلة",
  "Al Souq": "السوق",
  "Al Thaqafa Circle": "دوار الثقافة",
  "Albayyada Circle": "دوار البياضة",
  "Bait Ras": "بيت راس",
  "Behind Safeway": "خلف السيفوي",
  "Bushra": "بشرى",
  "Daheit Al Ameer Rashed": "ضاحية الأمير راشد",
  "Daheit Al Hussain": "ضاحية الحسين",
  "Aydoun": "ايدون",
  "Eidoon Military Hospital": "مستشفى ايدون العسكري",
  "Fo'ara Street": "شارع فوعرة",
  "Ghorfat Al Tejara": "غرفة التجارة",
  "Hakama": "حكما",
  "Hakama Street": "شارع حكما",
  "Hasan Al Tal Mosque": "مسجد حسن التل",
  "Hay Al Abraar": "حي الأبرار",
  "Hay Al Qaselah": "حي القصيلة",
  "Hay Al Turokman": "حي التركمان",
  "Hay Al Worood": "حي الورود",
  "Hay Al Zohoor": "حي الزهور",
  "Hay Alia": "حي عالية",
  "Hay Altlool": "حي التلول",
  "Hay Twaal": "حي طوال",
  "Honaina": "حنينا",
  "Irbid Girl's College": "كلية بنات اربد",
  "Irbid Mall": "اربد مول",
  "Isharet Al Darawshe": "اشارة الدراوشة",
  "Isharet Al Iskan": "اشارة الاسكان",
  "Isharet Al Malika Noor": "اشارة الملكة نور",
  "Iskan Al A'mileen": "اسكان العاملين",
  "Iskan Al Atiba'": "اسكان الأطباء",
  "Iskan Al Dobbat": "اسكان الضباط",
  "Iskan Al Mohandeseen": "اسكان المهندسين",
  "Kherbet Qasem": "خربة قاسم",
  "King Abdullah University Hospital": "مستشفى الملك عبدالله",
  "Kofor Youba": "كفر يوبا",
  "Mojamma' Al Aghwaar Al Jadeed": "مجمع الأغوار الجديد",
  "Mojamma' Al Shamal": "مجمع الشمال",
  "Mojamma' Alshaikh Khaleel": "مجمع الشيخ خليل",
  "Mojamma' Amman Al Jadeed": "مجمع عمان الجديد",
  "Palestine Street": "شارع فلسطين",
  "Petra Street": "شارع البتراء",
  "Princess Basma Hospital": "مستشفى الأميرة بسمة",
  "Sahara Circle": "دوار صحارى",
  "Sal Circle": "دوار سال",
  "Salet Al Sharq": "صالة الشرق",
  "Sharekat Al Kahraba Circle": "دوار شركة الكهرباء",
  "University of Science and Technology": "جامعة العلوم والتكنولوجيا",
  "Zabda": "زبدة",
  "Der Abi Saeed": "دير أبي سعيد",
  "Kufr Ma'": "كفر الماء",
  "Tibneh": "تبنه",
  "Kufr Rakeb": "كفر راكب",
  "Bayt Idis": "بيت أديس",
  "Kufr Awan": "كفرعوان",
  "Kufr Abeel": "كفر ابيل",
  "Judayta": "جديتا",
  "Zubiya": "زوبيا",
  "Arhaba": "ارحابا",
  "Shatna": "شطنا",
  "Kharja": "خرجا",
  "Shajara": "الشجرة",
  "Kuraimah": "كريمة",
  "Maru": "مرو",
  "Kufr Sowm": "كفر سوم",
  "Sahm": "سحم",
  "Hartha": "حرثا",
  "An-Nuayyimah": "النعيمة",
  "Malka": "ملكا",
  "Al Andalus": "الأندلس",
  "Al Afrah": "حي الأفراح",
  "Qum": "قم",
  "Qumaym": "قميم",
  "Saidour": "صيدور",
  "Al-Kharaj": "الخراج",
  "Kufr Asad": "كفر أسد",
  "Hatim village": "قرية حاتم",
  "Al Ashrafiyah": "الأشرفية",
  "Al Mazar Al-Shamali": "المزار الشمالي",
  "Dayr as Si'nah": "دير السعنة",
  "Makhraba": "مخربا",
  "Mandah": "مندح",
  "North Shuna": "الشونة الشمالية",
  "Smma": "صما",
  "Taybeh District": "لواء الطيبة",
  "Sammou": "سموع",
  "Inba": "عنبة",
  "Samad": "صمد",
  "Al-Baqoura": "الباقورة",
  "Al-Adasiya": "العدسية",
  "Al-Manshiya": "المنشية",
  "Waqqas": "وقاص",
  "Shaykh Hussein": "الشيخ حسين",
  "Al-Tal": "التل",
  "Basila": "بصيلة",
  "Al-Zamaliya": "الزمالية",
  "Seil Al-Himma": "سيل الحمة",
  "Al-Mahari'a": "المشارع",
  "Tabaqet Fahel": "طبقة فحل",
  "Wadi Al-Rayyan": "وادي الريان",
  "Abu Sidu": "أبو سيدو",
  "Al-Mughayer": "المغير",
  "Ham": "هام",
  "Bayt Yafa": "بيت يافا",
  "Al-Rawdah": "الروضة",
  "Al-Manara": "حي المنارة",
  "Kufr Jayez": "كفر جايز",
  "Huwwarah": "حوارة",
  "Harima": "حريما",
  "Fo'ara": "فوعرا",
  "Alal": "علال",
  "Umm Qais": "ام قيس",
  "Hibras": "حبراص",
  "Habka": "حبكا",
  "Taqbal": "تقبل",
  "Barashta": "برشتا",
  "Khirbat Al-Borz": "خربة البرز",
  "Dayr Yusuf": "دير يوسف",
  "Jumha": "جمحا",
  "Aban": "ابان",
  "Zhr": "زهر",
  "Sum": "سوم",
  "King Abdullah II Gardens": "حدائق الملك عبدالله",
  "Hofa": "حوفا",
  "Jefen": "جيفين",
  "Natifa": "ناطفه",
  "Al-Mokhaba Al-Tahta": "المخيبة التحتة",
  "Samad Village": "قرية صمد",
  "Jajin": "ججين",
  "Duwaqarah": "دوقرا",
  "Umm Al-Jadayel": "ام الجدايل",
  "Hawr": "حور",
  "Johfiyeh": "جحفية",
  "Qaraqosh": "قراقوش",
  "Yabla": "يبلا",
  "Sal": "سال",
  "Sama Al-Rousan": "سما الروسان",
  "Kitim": "كتم",
  "Samar": "سمر",
  
  "Zarqa": "الزرقاء",
  "Al Autostrad": "اتوستراد",
  "Al ghweariyyeh": "الغويرية",
  "Al Hashemieh": "الهاشمية",
  "Al Hawooz": "الحاووز",
  "Al Jaish Street": "شارع الجيش",
  "Al mantika Al Hurra": "المنطقة الحرة",
  "Al Sukhneh": "السخنة",
  "Al Tatweer Al Hadari": "التطوير الحضري",
  "Al Tatweer Al Hadari Rusaifah": "التطوير الحضري-الرصيفة",
  "Al Zarqa Al Jadeedeh": "الزرقاء الجديدة",
  "Al Zawahra": "الزواهرة",
  "Al-Qadisyeh - Rusaifeh": "القادسية-الرصيفة",
  "Awajan": "عوجان",
  "Dahiet Al Amera Haya": "ضاحية الأميرة هيا",
  "Dahiet Al Madena Al Monawwara": "ضاحية المدينة المنورة",
  "Hay Al Ameer Mohammad": "حي الأمير محمد",
  "Hay Al Hussain": "حي الحسين",
  "Hay Al Iskan": "حي الاسكان",
  "Hay Al Jundi": "حي الجندي",
  "Hay Al Nuzha": "حي النزهة",
  "Hay Al-Rasheed - Rusaifah": "حي الرشيد-الرصيفة",
  "Hay Ja'far Al-Tayyar": "حي جعفر الطيار",
  "Hay Ma'soom": "حي معصوم",
  "Hay Ramzi": "حي رمزي",
  "Hay Shaker": "حي شاكر",
  "Iskan Al Batrawi": "اسكان البتراوي",
  "Iskan Talal - Rusaifeh": "اسكان طلال-الرصيفة",
  "Jabal Al Abyad": "جبل الأبيض",
  "Jabal Al Ameer Hamza": "جبل الأمير حمزة",
  "Jabal Al Ameer Hasan": "جبل الأمير حسن",
  "Jabal Al Amera Rahma": "جبل الاميرة رحمة",
  "Jabal El Shamali Rusaifeh": "جبل الشمالي-الرصيفة",
  "Jabal Tareq": "جبل طارق",
  "Jana'a": "جناعة",
  "Madinet El Sharq": "مدينة الشرق",
  "Rusaifeh El Janoobi": "الرصيفة الجنوبي",
  "Wadi Al Aash": "وادي العش",
  "Wadi Al Hajar": "وادي الحجر",
  "Zarqa Private University": "جامعة الزرقاء الخاصة",
  "Shomer": "شومر",
  "Graiba": "جريبا",
  "Rajm Al Shawk": "رجم الشوك",
  "Russayfah": "الرصيفة",
  "Dhlail": "الضليل",
  "Qasr al-Hallabat Al-Sharqi": "قصر الحلابات الشرقي",
  "Azraq": "الأزرق",
  "Qasr al-Hallabat Al-Gharbi": "قصر الحلابات الغربي",
  "Jabal Al Mugheir": "جبل المغير",
  "Abu Al-Zighan": "أبو الزيغان",
  "Al-Alouk": "العالوك",
  "Al-Kamsha": "الكمشة",
  "Al-Misfat st.": "شارع المصفاة.",
  "Al-Qnaiya": "القنية",
  "Douqara": "دوقرة",
  "Graisa": "غريسا",
  "Khou": "خو",
  "Daheit Makka Al-Mokarameh": "ضاحية مكة المكرمة",
  "Sarout": "صروت",
  "Umm Sleih": "أم صليح",
  "Al-Saadeh st.": "شارع السعادة.",
  "Al-Ghabawi": "الغباوي",
  "Ar-Ruhayl": "الرحيل",
  "Al-Nasir": "النصر",
  "Al-Bustan": "البستان",
  
  "Salt": "السلط",
  "A'llan": "علان",
  "Al Balqa'": "البلقاء",
  "Al I'zariyyeh": "العيزرية",
  "Al Jada'a": "الجدعة",
  "Al Jadoor": "الجادور",
  "Al Khader": "الخضر",
  "Al Khandaq": "الخندق",
  "Al Maghareeb": "المغاريب",
  "Al Manshiyyeh": "المنشية",
  "Al Midan": "الميدان",
  "Al NAqab": "النقب",
  "Al Qala'a": "القلعة",
  "Al Remeimeen": "الرميمين",
  "Al Salalem": "السلالم",
  "Al Saro": "السرو",
  "Al Sawarfeh": "الصوارفة",
  "Al Subeihi": "الصبيحي",
  "Al Zohour": "الزهور",
  "Hay Al Kharabsheh": "حي الخرابشة",
  "I'ra": "عيرا",
  "Jala'd": "جلعد",
  "Naqb Al Daboor": "نقب الدبور",
  "Seehan": "سيحان",
  "Um Jozeh": "أم جوزة",
  "Wadi Shua'ib": "وادي شعيب",
  "Yarga": "يرقا",
  "Zay": "زي",
  "Ein Al-Basha": "عين الباشا",
  "Kafr Hooda": "كفرهودا",
  "South Shuna": "الشونه الجنوبيه",
  "Swemeh": "سويمة",
  "Shafa Al-Amriya": "شفا العامرية",
  "Al-Sleihi": "السليحي",
  "Um Aldananir": "أم الدنانير",
  
  "Madaba": "مادبا",
  "Al-Faisaliyyah": "الفيصلية",
  "Al-Fayha'": "الفيحاء",
  "Al-Jbeil": "الجبيل",
  "Dalilet Al-Hamaideh": "دليله الحمايده",
  "Hanina Al-Gharbiyyah": "حنينا الغربيه",
  "lob": "لب",
  "Madaba Center": "وسط مادبا",
  "Mkawer": "مكاور",
  "Thiban": "ذيبان",
  "Manja": "منجا",
  "Mai'n": "ماعين",
  "Umm Al Amad": "ام العمد",
  "Hanina": "حنينا",
  "Al-Mokhayam": "مخيم مادبا",
  "Al-Imam Al-Ghazali": "الامام العزالي",
  "Juraynah": "جرينة",
  
  "Aqaba": "العقبة",
  "Al Atiba'": "الأطباء",
  "Al Balad Al Qadeemeh": "البلد القديمة",
  "Al Herafeyeh": "الحرفية",
  "Al Mahdood Al Gharby": "المحدود الغربي",
  "Al Mahdood Al Sharqy": "المحدود الشرقي",
  "Al Mahdood Al Wasat": "المحدود الوسط",
  "Al Rimaal": "الرمال",
  "Al Sakaneyeh (10)": "السكنية 10",
  "Al Sakaneyeh (3)": "السكنية 3",
  "Al Sakaneyeh (5)": "السكنية 5",
  "Al Sakaneyeh (6)": "السكنية 6",
  "Al Sakaneyeh (7)": "السكنية 7",
  "Al Sakaneyeh (9)": "السكنية 9",
  "Al Shalalah": "الشلالة",
  "Sakan Al Asmedah": "سكن الأسمدة",
  "Tala Bay": "تالا باي",
  "Wadi Rum": "وادي رم",
  "Qweira": "القويرة",
  "Al-Shamiyah": "الشامية",
  "Al-Alamiya": "العالمية",
  "Karama": "الكرامة",
  "Al-Nakhil": "النخيل",
  "Al-Sakaneyeh 8": "السكنية 8",
  "Al-Shaabiyah": "الشعبية",
  "Al Mulqan": "الملقان",
  "Al-Markaziya": "المركزية",
  "Mulqan Janoubi": "ملقان الجنوبي",
  "Mulqan Shamali": "ملقان الشمالي",
  "Ayla": "ايلة",
  
  "Mafraq": "المفرق",
  "Al Ghadeer Al Abyad": "الغدير الأبيض",
  "Al Mazzeh": "المزة",
  "Bala'ama": "بلعما",
  "Bowaydet Al Hawamdeh": "بويضة الحوامدة",
  "Hayyan Al Moshref": "حيان المشرف",
  "Idoun": "ايدون",
  "Manshiyyet Bani Hassan": "منشية بني حسن",
  "Rhab": "ارحاب",
  "Sabha": "صبحا",
  "Um Al Jimal": "أم الجمال",
  "Um Al Na'am Al Gharbiyyeh": "أم النعام الغربي",
  "Um Al Na'am Al Sharqiyyeh": "أم النعام الشرقية",
  "Ain wa Al-Ma'mariyyeh": "عين والمعمرية",
  "Umm Al-Quttayn": "أم القطين",
  "Al-Badiah Ash-Shamaliyah": "البادية الشمالية",
  "Al-Badiah Ash-Shamaliyah Al-Gharbiya": "البادية الشمالية الغربية",
  "Mansoura": "المنصورة",
  "Hawshah": "حوشا",
  "Dayr Al-Kahf": "دير الكهف",
  "Ruwaished": "رويشيد",
  "Sama As-Sirhan": "سما السرحان",
  "Dahiyat Al-Jamaa": "ضاحية الجامعة",
  "Koum Al-Ahmar": "كوم الأحمر",
  "Al-Khirba Al-Samra": "الخربة السمرا",
  "Hai Nowarah": "حي نوارة",
  "Tayeb Isim": "طيب اسم",
  "Znaya": "الزنية",
  "Hayyan Rwaibed": "حيان الرويبض",
  "Al-Zaytouna": "الزيتونة",
  "Al-Nithamiya": "النظامية",
  "Al-Marajim": "المراجم",
  "Um Sweiweina": "أم صويوينة",
  "Al-Dajaniya": "الدجنية",
  "Hweishan": "هويشان",
  "Bweida Al-Ilimat": "بويضة العليمات",
  "Al-Daqusma": "الدقسمة",
  "Nadira": "نادرة",
  "Um Batima": "أم بطيمة",
  "Dahl": "دحل",
  "Al-Rashada": "الرشادة",
  "Um Al-Lulu": "أم اللولو",
  "Safawi": "الصفاوي",
  "Al-Salhiya": "الصالحية",
  "rahbat Rakad": "رحبة ركاد",
  "Nayfa": "نايفه",
  "Zamlat Al-Amir Ghazi": "زملة الأمير غازي",
  "Al-Dafyana": "الدفيانة",
  "Al-Rfa'iyat": "الرفاعيات",
  "Al-Za'atari": "الزعتري",
  "Al-Mabruka": "المبروكة",
  "Fa'": "فاع'",
  "Al-Ba'ij": "الباعج",
  "Thaghrat Al-Gub": "ثغرة الجب",
  "Mughayyer Al-Sarhan": "مغير السرحان",
  "Al-Hamra": "الحمراء",
  "Hay Al-Hussein": "حي الحسين",
  "Hay Al-Dobbat": "حي الضباط",
  "Al-Hay Al-Janoubi": "الحي الجنوبي",
  "Al-Hay Al-Hashmi": "الحي الهاشمي",
  "Hay Al-Zohoor": "حي الزهور",
  "Al-Mazraa": "المزرعة",
  "Al-Khalidya": "الخالدية",
  
  "Jerash": "جرش",
  "No Users": "لا مستخدمين",
  "Al-Hashimiyyah": "الهاشمية",
  "Al-Mastaba": "المصطبة",
  "Al-Msherifeh": "المشيرفة",
  "Kufor Khal": "كفر خل",
  "Marsa'": "مرصع",
  "Sakib": "ساكب",
  "Salhoub": "سلحوب",
  "Soof": "سوف",
  "Tal Al-Rumman": "تل الرمان",
  "Kufair": "كفير",
  "Al-Majdal": "المجدل",
  "Borma": "برما",
  "Al-Rashaida": "الرشايدة",
  "Debbin": "دبين",
  "Amamah": "عمامه",
  "Unaybah": "عنيبة",
  "Al-Kittah": "الكته",
  "Al-Naseem": "النسيم",
  "Qafqafa": "قفقفا",
  "Al-Haddadeh": "الحدادة",
  "Other": "أخرى",
  "Al Karak": "الكرك",
  "A'i": "عي",
  "Ader": "أدر",
  "Al Msherifeh": "المشيرفة",
  "Al-Marj": "المرج",
  "Al-Qasr": "القصر",
  "Al-Qatraneh": "القطرانة",
  "Al-Rabba": "الربة",
  "Al-Smeikhiyyeh": "السميكية",
  "Al-Thaniyyah": "الثنية",
  "Mu'ta": "مؤتة",
  "Qusoor Bashir": "قصور بشير",
  "That Ras": "ذات راس",
  "Manshiyyet Abu Hammour": "منشية أبو حمور",
  "Al-Adnanya": "العدنانية",
  "Al-Mazar Al-Janoubi": "المزار الجنوبي",
  "Zohoom": "زحوم",
  "Ajloun": "عجلون",
  "A'anjara": "عنجرة",
  "A'fna": "عفنة",
  "Alqala'a": "القلعة",
  "Barqash": "برقش",
  "E'in Jana": "عين جنا",
  "I'bbeen": "عبين",
  "Kuforanja": "كفرنجا",
  "Sakhra": "صخرة",
  "Ma'an": "معان",
  "Um Sayhoon": "أم صيحون",
  "Ayl": "أيل",
  "Petra": "البتراء",
  "Bayda": "البيضا",
  "Jaya": "الجاية",
  "Jafr": "الجفر",
  "Al-Hussainiyyah": "الحسينية",
  "Al-Shobak": "الشوبك",
  "Al-Mraigha": "المريغة",
  "Ras An-Naqab": "راس النقب",
  "Sath Ma'an": "سطح معان",
  "Shmakh": "شماخ",
  "Ma'an Qasabah": "قصبة معان",
  "Najl": "نجل",
  "Wadi Musa": "وادي موسى",
  "Ramtha": "الرمثا",
  "Al Bweida": "البويضة",
  "Al Shajara": "الشجرة",
  "Al Thneibeh": "الذنيبة",
  "Al Torra": "الطرة",
  "Amrawa": "عمراوة",
  "Romtha": "الرمثا",
  "Tafila": "الطفيلة",
  "Al-Hasa": "الحسا",
  "Al-Qadisiyyah": "القادسية",
  "Al-Rashadiyyah": "الرشادية",
  "Bseira": "بصيرة",
  "Dana": "ضانا",
  "Jurf Al-Daraweesh": "جرف الدراويش",
  "Al-Ayes": "العيص",
  "Jordan Valley": "الغور ",
  "Dead Sea": "البحر الميت"
}





