{
  "Tawseleh": "Tawseleh",
  "Language": "Language",
  "Arabic": "Arabic",
  "English": "English",
  "Welcome to Tawseleh": "Welcome to Tawseleh",
  "Take Advantage of Our Services for FREE": "Take Advantage of Our Services for FREE",
  "Sign Up": "Sign Up",
  "Login": "Login",

  "PasswordCriteria": "It should have min 6 characters, 1 letter, 1 number",
  "Lets create an account!": "Let’s Create Your Account!",
  "Already have an account?": "Already have an account?",
  "Please enter some text": "Please enter some text",
  "Dont have an account yet?": "Don't have an account yet?",
  "First Name": "First Name",
  "Set your gender": "Set your gender",
  "Last Name": "Last Name",
  "Phone Number": "Phone Number",
  "Password": "Password",
  "Personal Information": "Personal Information",
  "Photo, Name, Phone Number, Gender": "Photo, Name, Phone Number, Gender",
  "New Password": "New Password",
  "Change": "Change",
  "Later": "Later",
  "Account Photo": "Account Photo",
  "Set your language": "Set your language",
  "Gender": "Gender",
  "No user with this phone number exists. Please signup first": "No user with this phone number exists. Please signup first",
  "Forget Password": "Forget Password",
  "You will receive a code to confirm your mobile number and reset your password shortly.": "You will receive a code to confirm your mobile number and reset your password shortly.",
  "Add Code": "Add Code",
  "Home Page": "Home Page",
  "User’s Account": "User’s Account",
  "Your Profile": "Your Profile",
  "Find a Ride": "Find a Ride",
  "Create a Ride": "Create a Ride",
  "Upload Picture": "Upload Picture",
  "Username": "Username",
  "Start Time": "Start Time",
  "End Time": "End Time",
  "No Data Found": "No Data Found",
  "Take a photo": "Take a photo",
  "Male": "Male",
  "Error": "Error",
  "User already registered": "User already registered",
  "You will receive a code to confirm your mobile number shortly": "You will receive a code to confirm your mobile number shortly",
  "confirm OTP": "confirm OTP",
  "Female": "Female",
  "Messages": "Messages",
  "Rides Created": "Rides Created",
  "Settings": "Settings",
  "Filter by": "Filter by",
  "Departure Destination": "Departure Destination",
  "Arrival Destination": "Arrival Destination",
  "Time": "Time",
  "Date": "Date",
  "Price": "Price",
  "Search": "Search",
  "JOD": "JOD",
  "Update": "Update",
  "View": "View",
  "My Rides": "My Rides",
  "Please Wait": "Please Wait",
  "Upload Car Picture": "Upload Car Picture",
  "Available Seat": "Available Seat",
  "Publish": "Publish",
  "Price Per Seat": "Price Per Seat",
  "to": "to",
  "Your account is deleted": "Your account is deleted",
  "Are you sure you want to delete your account? All your data will be lost": "هل انت متأكد انك تريد حذف حسابك؟ ستفقد جميع بياناتك",
  "Delete Account": "Delete the Account",
  "Ride Successfully Updated": "Ride Successfully Updated",
  "Are you sure you want to delete this ride?": "Are you sure you want to delete this ride?",
  "Phone number and password do not match": "Phone number and password do not match",
  "My Chats": "My Chats",
  "Chat to Book": "Chat to Book",
  "Driver’s Profile": "Driver’s Profile",
  "Edit the Ride": "Edit the Ride",
  "No Rides Available": "No Rides Available",
  "Delete the Ride": "Delete the Ride",
  "Page 1 of": "Page 1 of",
  "Next Page": "Next Page",
  "Next": "Next",
  "Are you sure you want to share your location": "Are you sure you want to share your location",
  "Change Password": "Change Password",
  "Retype the Password": "Retype the Password",
  "Filter": "Filter",
  "Amman": "Amman",
  "Umm Al-Usoud": "Umm Al-Usoud",
  "Umm Al-Amad": "Umm Al-Amad",
  "Umm al Kundum": "Umm al Kundum",
  "Umm Shterat": "Umm Shterat",
  "Umm Quseir": "Umm Quseir",
  "Abu Al-Sous": "Abu Al-Sous",
  "Abu Al-Nair": "Abu Al-Nair",
  "Abu Alanda": "Abu Alanda",
  "Areinba Al Sharqiyah": "Areinba Al Sharqiyah",
  "Areinba Al Gharbiyah": "Areinba Al Gharbiyah",
  "Al-Amir Hamzah": "Al-Amir Hamzah",
  "Al-Iman": "Al-Iman",
  "Bahath": "Bahath",
  "Baqa'a Camp": "Baqa'a Camp",
  "Al Bnayyat": "Al Bnayyat",
  "Al Bayader": "Al Bayader",
  "Al-Baida": "Al-Baida",
  "Al Gardens": "Al Gardens",
  "Al-Jabal Al-Akhdar": "Al-Jabal Al-Akhdar",
  "Jubaiha": "Jubaiha",
  "Al-Jumayyil": "Al-Jumayyil",
  "Al Jandaweel": "Al Jandaweel",
  "Al-Jweideh": "Al-Jweideh",
  "Al Jizah": "Al Jizah",
  "Al Hurryeh": "Al Hurryeh",
  "Al-Husnyeh": "Al-Husnyeh",
  "Al Hummar": "Al Hummar",
  "Al-Humranyah": "Al-Humranyah",
  "Al-Khreim": "Al-Khreim",
  "Al-Khaznah": "Al-Khaznah",
  "Alkhashafia": "Alkhashafia",
  "Al-Khadra": "Al-Khadra",
  "Al-Dmeenah": "Al-Dmeenah",
  "Al-Dmenah": "Al-Dmenah",
  "1st Circle": "1st Circle",
  "3rd Circle": "3rd Circle",
  "8th Circle": "8th Circle",
  "2nd Circle": "2nd Circle",
  "5th Circle": "5th Circle",
  "4th Circle": "4th Circle",
  "7th Circle": "7th Circle",
  "6th Circle": "6th Circle",
  "Al-Diyar": "Al-Diyar",
  "Al-Thra": "Al-Thra",
  "Al-Dhuheibah": "Al-Dhuheibah",
  "Al-Dhuheibah Al-Gharbiyah": "Al-Dhuheibah Al-Gharbiyah",
  "Dhuheibah Al-Sharqiyah": "Dhuheibah Al-Sharqiyah",
  "Al-Rabwa": "Al-Rabwa",
  "Al-Rjoum": "Al-Rjoum",
  "Al Rajeeb": "Al-Rajeeb",
  "Al-Rajila": "Al-Rajila",
  "Al-Raqim": "Al-Raqim",
  "Al Rawabi": "Al-Rawabi",
  "Al Rawnaq": "Al-Rawnaq",
  "Al-Zamila": "Al-Zamila",
  "Al-Zahra": "Al-Zahra",
  "Al-Zaytouneh": "Al-Zaytouneh",
  "As Sarou": "As Sarou",
  "Al Sahl": "Al Sahl",
  "Al Sina'a": "Al Sina'a",
  "Swefieh": "Swefieh",
  "Al-Dia": "Al-Dia",
  "Al Tuneib": "Al Tuneib",
  "Al-Thuheir": "Al-Thuheir",
  "Al-'Al": "Al-'Al",
  "Abdali": "Abdali",
  "Al-Abdaliya": "Al-Abdaliya",
  "Al-Adlyeh": "Al-Adlyeh",
  "Al-Oroubah": "Al-Oroubah",
  "Al-Awdeh": "Al-Awdeh",
  "Al-Fuhais": "Al-Fuhais",
  "Al-Feisal": "Al-Feisal",
  "Al Qastal": "Al Qastal",
  "Al-Qasabat": "Al-Qasabat",
  "Al-Qusour": "Al-Qusour",
  "Al-Quneitirah": "Al-Quneitirah",
  "Al Qwaismeh": "Al Qwaismeh",
  "Al-Kutaifah": "Al-Kutaifah",
  "Al Kursi": "Al Kursi",
  "Al Kamaliya": "Al Kamaliya",
  "Al-Kom Al-Sharqi": "Al-Kom Al-Sharqi",
  "Al-Kom Al-Gharbi": "Al-Kom Al-Gharbi",
  "Al Lubban": "Al Lubban",
  "Madonna": "Madonna",
  "Al-Mahatta": "Train Station",
  "Sports City": "Sports City",
  "Al-Marqab": "The Watchtower",
  "Al-Mustanada": "The Dependent",
  "Al-Mushatta": "The Field",
  "Al-Mashqar": "The Blonde",
  "Al-Ma'adi": "The Quarry",
  "Al-Mugairat": "The Villages",
  "Al Muqabalain": "The Opponents",
 
  "Al-Mansour": "The Victorious",
  "Al-Muwaqqar": "The Honorable",
  "Al-Nuqairah": "The Small Hole",
  "Al-Naharyah": "The River",
  "Al Hashmi Al Janobi": "The Southern Hashemite",
  "Al Hashmi Al Shamali": "The Northern Hashemite",
  "Al-Wehdat": "Unity",
  "Al Yadudah": "Al Yadudah",
  "Daheit Al Yasmeen": "Yasmeen Suburb",
  "Al-Yarmouk": "Al-Yarmouk",
  "Um Uthaiena": "Um Uthaiena",
  "Um al Basateen": "Mother of Orchards",
  "Umm A-Dananir": "Mother of Dinars",
  "Umm Al-Rasas": "Mother of Rasas",
  "Um El Summaq": "Mother of Summaq",
  "Um Batma": "Mother of Batma",
  "Umm Zuwaytinah": "Mother of Zuwaytinah",
  "Umm Nowarah": "Mother of Nowarah",
  "Badr": "Badr",
  "Badr Jdedeh": "New Badr",
  "Basman": "Basman",
  "Bilal": "Bilal",
 
  "Tla' Ali": "Tla' Ali",
  "Jawa": "Jawa",
  "Al Ashrafyeh": "Ashrafieh",
  "Jabal Al-Taj": "Taj Mountain",
  "Jabal Al-Jofah": "Jofah Mountain",
  "Jabal Al Hussain": "Hussein Mountain",
  "Jabal Al Zohor": "Zohor Mountain",
  "Jabal Al-Lweibdeh": "Lweibdeh Mountain",
  "Jabal Al-Marrikh": "Marrikh Mountain",
  "Jabal Al Nuzha": "Nuzha Mountain",
  "Jabal Al Naser": "Naser Mountain",
  "Jabal Al-Nathif": "Nathif Mountain",
  "Jabal Amman": "Amman Mountain",
  
  "Hjar Al Nawabilseh": "Nawabilseh Stones",
  "Husban": "Husban",
  "Hettin": "Hettin",
  "Howarah": "Howarah",
  "Hay Albarakeh": "Barakeh Neighborhood",
  "Hay Alkhaledeen": "Khaledeen Neighborhood",
  "Hay Al Rahmanieh": "Rahmanieh Neighborhood",
  "Hay Alsaleheen": "Saleheen Neighborhood",
  "Al-Shabah": "Companions Neighborhood",
  "Adan": "Adan Neighborhood",
  "Hai Nazzal": "Nazzal Neighborhood",
  "khan Al-Zabib": "Khan Al-Zabib",
  "Khirbet Sooq": "Khirbet Sooq",
  "Khalda": "Khalda",
  "Dabouq": "Dabouq",
  "Deir Ghbar": "Deir Ghbar",
  "Ras El Ain": "Ras El Ain",
  "Rujm ash Shami": "Rujm ash Shami",
  "Rajm Al-Shof": "Rajm Al-Shof",
  "Rajm Amesh": "Rajm Amesh",
  "Zabboud": "Zabboud",
  "Zumlat al Ulya": "Zumlat al Ulya",
  "Zuwayza": "Zuwayza",
  "Zinat Al-Rubue": "Zinat Al-Rubue",
  "Zeinab": "Zeinab",
  "Salem": "Salem",
  "Sahab": "Sahab",
  "Al Urdon Street": "Al Urdon Street",
  "Medina Street": "Medina Street",
  "Almih St": "Almih St",
  "Mecca Street": "Mecca Street",
  "Shafa Badran": "Shafa Badran",
  "Shmaisani": "Shmaisani",
  "Safut": "Safut",
  "Salihiyat Al-Abid": "Salihiyat Al-Abid",
  "Sufa": "Sufa",
  "Swelieh": "Swelieh",
  "Dahiet Al Ameer Ali": "Dahiet Al Ameer Ali",
  "Dahiet Al-Istiqlal": "Dahiet Al-Istiqlal",
  "Daheit Al Aqsa": "Daheit Al Aqsa",
  "Daheit Al Ameer Hasan": "Daheit Al Ameer Hasan",
  "Dahiet Al Ameer Rashed": "Dahiet Al Ameer Rashed",
  "Daheit Al-Haj Hassan": "Daheit Al-Haj Hassan",
  "Dahiet Al Hussain": "Dahiet Al Hussain",
  "Daheit Al Rasheed": "Daheit Al Rasheed",
  "Dahiet Al-Rawda": "Dahiet Al-Rawda",
  "Dahiet Al-Nakheel": "Dahiet Al-Nakheel",
  "Dab'a": "Dab'a",
  "Tabarboor": "Tabarboor",
  "Airport Road - Manaseer Gs": "Airport Road - Manaseer Gs",
  "Airport Road - Dunes Bridge": "Airport Road - Dunes Bridge",
  "Airport Road - Madaba Bridge": "Airport Road - Madaba Bridge",
  "Tloo' Al-Misdar": "Tloo' Al-Misdar",
  "Abdoun": "Abdoun",
  "Iraq Al Ameer": "Iraq Al Ameer",
  "Arjan": "Arjan",
  "Ayn Rbat": "Ayn Rbat",
  "Uyun Al-Dhib": "Uyun Al-Dhib",
  "Qafor": "Qafor",
  "Mahes": "Mahes",
  "Marka": "Marka",
  "Marj El Hamam": "Marj El Hamam",
  "Marj Al-Furs": "Marj Al-Furs",
  "Mobes": "Mobes",
  "Naour": "Naour",
  "Wadi Al Haddadeh": "Wadi Al Haddadeh",
  "Wadi Al-Srour": "Wadi Al-Srour",
  "Wadi El Seer": "Wadi El Seer",
  "Wadi Al-Tay": "Wadi Al-Tay",
  "Wadi Al-Eish": "Wadi Al-Eish",
  "Wadi Saqra": "Wadi Saqra",
  "Yajouz": "Yajouz",
  "Other": "Other",
  "Irbid": "Irbid",
  "All Rides": "All Rides",
  "Block User": "Block User",
  "You have blocked this user. Tap to unblock": "You have blocked this user. Tap to unblock",
  "/Per Seat": "/Per Seat",
  "Sign Out": "Sign Out",
  "Both": "Both",
  "JOD Price/Per Seat": "JOD Price/Per Seat",
  "30 Street": "30 Street",
  "Al Balad": "Al Balad",
  "Al Barha": "Al Barha",
  "Al Barha Street": "Al Barha Street",
  "Al Dorra Circle": "Al Dorra Circle",
  "Al Eiadat Circle": "Al Eiadat Circle",
  "Al-Hashmy Street": "Al-Hashmy Street",
  "Al Hay Al Gharby": "Al Hay Al Gharby",
  "Al Hay Al Janooby": "Al Hay Al Janooby",
  "Al Hay Al Sharqy": "Al Hay Al Sharqy",
  "Al Hisbeh Al Markizeya": "Al Hisbeh Al Markizeya",
  "Al Husn": "Al Husn",
  "Al Huson Street": "Al Huson Street",
  "Al Lawazem Circle": "Al Lawazem Circle",
  "Al Madinah Al Sena'eiah": "Al Madinah Al Sena'eiah",
  "Al Madrase Al Shamela": "Al Madrase Al Shamela",
  "Al Mal'ab Al Baladi": "Al Mal'ab Al Baladi",
  "Al Matla'": "Al Matla'",
  "Al Naseem Circle": "Al Naseem Circle",
  "Al Nuzha": "Al Nuzha",
  "Al Qubeh Circle": "Al Qubeh Circle",
  "Al Quds Street": "Al Quds Street",
  "Al Rabiah": "Al Rabiah",
  "Al Rahebat Al Wardiah": "Al Rahebat Al Wardiah",
  "Al Sareeh": "Al Sareeh",
  "Al Sonbola": "Al Sonbola",
  "Al Thaqafa Circle": "Al Thaqafa Circle",
  "Albayyada Circle": "Albayyada Circle",
  "Bait Ras": "Bait Ras",
  "Behind Safeway": "Behind Safeway",
  "Bushra": "Bushra",
  "Daheit Al Ameer Rashed": "Daheit Al Ameer Rashed",
  "Daheit Al Hussain": "Daheit Al Hussain",
  "Aydoun": "Aydoun",
  "Eidoon Military Hospital": "Eidoon Military Hospital",
  "Fo'ara Street": "Fo'ara Street",
  "Ghorfat Al Tejara": "Ghorfat Al Tejara",
  "Hakama": "Hakama",
  "Hakama Street": "Hakama Street",
  "Hasan Al Tal Mosque": "Hasan Al Tal Mosque",
  "Hay Al Abraar": "Hay Al Abraar",
  "Hay Al Qaselah": "Hay Al Qaselah",
  "Hay Al Turokman": "Hay Al Turokman",
  "Hay Al Worood": "Hay Al Worood",
  "Hay Al Zohoor": "Hay Al Zohoor",
  "Hay Alia": "Hay Alia",
  "Hay Altlool": "Hay Altlool",
  "Hay Twaal": "Hay Twaal",
  "Honaina": "Honaina",
  "No Users": "No Users",
  "Irbid Girl's College": "Irbid Girl's College",
  "Irbid Mall": "Irbid Mall",
  "Isharet Al Darawshe": "Isharet Al Darawshe",
  "Isharet Al Iskan": "Isharet Al Iskan",
  "Isharet Al Malika Noor": "Isharet Al Malika Noor",
  "Iskan Al A'mileen": "Iskan Al A'mileen",
  "Iskan Al Atiba'": "Iskan Al Atiba'",
  "Iskan Al Dobbat": "Iskan Al Dobbat",
  "Iskan Al Mohandeseen": "Iskan Al Mohandeseen",
  "Kherbet Qasem": "Kherbet Qasem",
  "King Abdullah University Hospital": "King Abdullah University Hospital",
  "Kofor Youba": "Kofor Youba",
  "Mojamma' Al Aghwaar Al Jadeed": "Mojamma' Al Aghwaar Al Jadeed",
  "Mojamma' Al Shamal": "Mojamma' Al Shamal",
  "Mojamma' Alshaikh Khaleel": "Mojamma' Alshaikh Khaleel",
  "Mojamma' Amman Al Jadeed": "Mojamma' Amman Al Jadeed",
  "Palestine Street": "Palestine Street",
  "Petra Street": "Petra Street",
  "Princess Basma Hospital": "Princess Basma Hospital",
  "Sahara Circle": "Sahara Circle",
  "Sal Circle": "Sal Circle",
  "Salet Al Sharq": "Salet Al Sharq",
  "Sharekat Al Kahraba Circle": "Sharekat Al Kahraba Circle",
  "University of Science and Technology": "University of Science and Technology",
  "University Street": "University Street",
  "Zabda": "Zabda",
  "Der Abi Saeed": "Der Abi Saeed",
  "Kufr Ma'": "Kufr Ma'",
  "Tibneh": "Tibneh",
  "Kufr Rakeb": "Kufr Rakeb",
  "Bayt Idis": "Bayt Idis",
  "Kufr Awan": "Kufr Awan",
  "Kufr Abeel": "Kufr Abeel",
  "Judayta": "Judayta",
  "Zubiya": "Zubiya",
  "Arhaba": "Arhaba",
  "Shatna": "Shatna",
  "Kharja": "Kharja",
  "Shajara": "Shajara",
  "Kuraimah": "Kuraimah",
  "Maru": "Maru",
  "Kufr Sowm": "Kufr Sowm",
  "Sahm": "Sahm",
  "Hartha": "Hartha",
  "An-Nuayyimah": "An-Nuayyimah",
  "Malka": "Malka",
  "Al Andalus": "Al Andalus",
  "Al Afrah": "Al Afrah",
  "Qum": "Qum",
  "Qumaym": "Qumaym",
  "Saidour": "Saidour",
  "Al-Kharaj": "Al-Kharaj",
  "Kufr Asad": "Kufr Asad",
  "Hatim village": "Hatim village",
  "Al Ashrafiyah": "Al Ashrafiyah",
  "Al Mazar Al-Shamali": "Al Mazar Al-Shamali",
  "Dayr as Si'nah": "Dayr as Si'nah",
  "Makhraba": "Makhraba",
  "Mandah": "Mandah",
  "North Shuna": "North Shuna",
  "Smma": "Smma",
  "Taybeh District": "Taybeh District",
  "Sammou": "Sammou",
  "Inba": "Inba",
  "Samad": "Samad",
  "Al-Baqoura": "Al-Baqoura",
  "Al-Adasiya": "Al-Adasiya",
  "Al-Manshiya": "Al-Manshiya",
  "Waqqas": "Waqqas",
  "Shaykh Hussein": "Shaykh Hussein",
  "Al-Tal": "Al-Tal",
  "Basila": "Basila",
  "Al-Zamaliya": "Al-Zamaliya",
  "Seil Al-Himma": "Seil Al-Himma",
  "Al-Mahari'a": "Al-Mahari'a",
  "Tabaqet Fahel": "Tabaqet Fahel",
  "Wadi Al-Rayyan": "Wadi Al-Rayyan",
  "Abu Sidu": "Abu Sidu",
  "Al-Mughayer": "Al-Mughayer",
  "Ham": "Ham",
  "Bayt Yafa": "Bayt Yafa",
  "Al-Rawdah": "Al-Rawdah",
  "Al-Manara": "Al-Manara",
  "Kufr Jayez": "Kufr Jayez",
  "Huwwarah": "Huwwarah",
  "Harima": "Harima",
  "Fo'ara": "Fo'ara",
  "Alal": "Alal",
  "Umm Qais": "Umm Qais",
  "Hibras": "Hibras",
  "Habka": "Habka",
  "Taqbal": "Taqbal",
  "Barashta": "Barashta",
  "Khirbat Al-Borz": "Khirbat Al-Borz",
  "Dayr Yusuf": "Dayr Yusuf",
  "Jumha": "Jumha",
  "Aban": "Aban",
  "Zhr": "Zhr",
  "Sum": "Sum",
  "King Abdullah II Gardens": "King Abdullah II Gardens",
  "Hofa": "Hofa",
  "Jefen": "Jefen",
  "Natifa": "Natifa",
  "Al-Mokhaba Al-Tahta": "Al-Mokhaba Al-Tahta",
  "Samad Village": "Samad Village",
  "Jajin": "Jajin",
  "Duwaqarah": "Duwaqarah",
  "Umm Al-Jadayel": "Umm Al-Jadayel",
  "Hawr": "Hawr",
  "Johfiyeh": "Johfiyeh",
  "Qaraqosh": "Qaraqosh",
  "Yabla": "Yabla",
  "Sal": "Sal",
  "Sama Al-Rousan": "Sama Al-Rousan",
  "Kitim": "Kitim",
  "Samar": "Samar",
  
  "Zarqa": "Zarqa",
  "Al Autostrad": "Al Autostrad",
  "Al ghweariyyeh": "Al ghweariyyeh",
  "Al Hashemieh": "Al Hashemieh",
  "Al Hawooz": "Al Hawooz",
  "Al Jaish Street": "Al Jaish Street",
  "Al mantika Al Hurra": "Al mantika Al Hurra",
  "Al Souq": "Al Souq",
  "Al Sukhneh": "Al Sukhneh",
  "Al Tatweer Al Hadari": "Al Tatweer Al Hadari",
  "Al Tatweer Al Hadari Rusaifah": "Al Tatweer Al Hadari Rusaifah",
  "Al Zarqa Al Jadeedeh": "Al Zarqa Al Jadeedeh",
  "Al Zawahra": "Al Zawahra",
  "Al-Qadisyeh - Rusaifeh": "Al-Qadisyeh - Rusaifeh",
  "Awajan": "Awajan",
  "Dahiet Al Amera Haya": "Dahiet Al Amera Haya",
  "Dahiet Al Madena Al Monawwara": "Dahiet Al Madena Al Monawwara",
  "Hay Al Ameer Mohammad": "Hay Al Ameer Mohammad",
  "Hay Al Hussain": "Hay Al Hussain",
  "Hay Al Iskan": "Hay Al Iskan",
  "Hay Al Jundi": "Hay Al Jundi",
  "Hay Al Nuzha": "Hay Al Nuzha",
  "Hay Al-Rasheed - Rusaifah": "Hay Al-Rasheed - Rusaifah",
  "Hay Ja'far Al-Tayyar": "Hay Ja'far Al-Tayyar",
  "Hay Ma'soom": "Hay Ma'soom",
  "Hay Ramzi": "Hay Ramzi",
  "Hay Shaker": "Hay Shaker",
  "Iskan Al Batrawi": "Iskan Al Batrawi",
  "Iskan Talal - Rusaifeh": "Iskan Talal - Rusaifeh",
  "Jabal Al Abyad": "Jabal Al Abyad",
  "Jabal Al Ameer Hamza": "Jabal Al Ameer Hamza",
  "Jabal Al Ameer Hasan": "Jabal Al Ameer Hasan",
  "Jabal Al Amera Rahma": "Jabal Al Amera Rahma",
  "Jabal El Shamali Rusaifeh": "Jabal El Shamali Rusaifeh",
  "Jabal Tareq": "Jabal Tareq",
  "Jana'a": "Jana'a",
  "Madinet El Sharq": "Madinet El Sharq",
  "Rusaifeh El Janoobi": "Rusaifeh El Janoobi",
  "Wadi Al Aash": "Wadi Al Aash",
  "Wadi Al Hajar": "Wadi Al Hajar",
  "Zarqa Private University": "Zarqa Private University",
  "Shomer": "Shomer",
  "Graiba": "Graiba",
  "Birayn": "Birayn",
  "Rajm Al Shawk": "Rajm Al Shawk",
  "Russayfah": "Russayfah",
  "Dhlail": "Dhlail",
  "Qasr al-Hallabat Al-Sharqi": "Qasr al-Hallabat Al-Sharqi",
  "Azraq": "Azraq",
  "Qasr al-Hallabat Al-Gharbi": "Qasr al-Hallabat Al-Gharbi",
  "Jabal Al Mugheir": "Jabal Al Mugheir",
  "Abu Al-Zighan": "Abu Al-Zighan",
  "Al-Alouk": "Al-Alouk",
  "Al-Kamsha": "Al-Kamsha",
  "Al-Misfat st.": "Al-Misfat st.",
  "Al-Qnaiya": "Al-Qnaiya",
  "Douqara": "Douqara",
  "Graisa": "Graisa",
  "Khou": "Khou",
  "Daheit Makka Al-Mokarameh": "Daheit Makka Al-Mokarameh",
  "Sarout": "Sarout",
  "Umm Sleih": "Umm Sleih",
  "Al-Saadeh st.": "Al-Saadeh st.",
  "Um Rummanah": "Um Rummanah",
  "Al-Ghabawi": "Al-Ghabawi",
  "Ar-Ruhayl": "Ar-Ruhayl",
  "Al-Nasir": "Al-Nasir",
  "Salt": "Salt",
  "A'llan": "A'llan",
  "Al Balqa'": "Al Balqa'",
  "Al I'zariyyeh": "Al I'zariyyeh",
  "Al Jada'a": "Al Jada'a",
  "Al Jadoor": "Al Jadoor",
  "Al Khader": "Al Khader",
  "Al Khandaq": "Al Khandaq",
  "Al Maghareeb": "Al Maghareeb",
  "Al Manshiyyeh": "Al Manshiyyeh",
  "Al Midan": "Al Midan",
  "Al NAqab": "Al NAqab",
  "Al Qala'a": "Al Qala'a",
  "Al Remeimeen": "Al Remeimeen",
  "Al Salalem": "Al Salalem",
  "Al Saro": "Al Saro",
  "Al Sawarfeh": "Al Sawarfeh",
  "Al Subeihi": "Al Subeihi",
  "Al Zohour": "Al Zohour",
  "Hay Al Kharabsheh": "Hay Al Kharabsheh",
  "I'ra": "I'ra",
  "Jala'd": "Jala'd",
  "Naqb Al Daboor": "Naqb Al Daboor",
  "Seehan": "Seehan",
  "Um Jozeh": "Um Jozeh",
  "Wadi Shua'ib": "Wadi Shua'ib",
  "Yarga": "Yarga",
  "Zay": "Zay",
  "Ein Al-Basha": "Ein Al-Basha",
  "Kafr Hooda": "Kafr Hooda",
  "South Shuna": "South Shuna",
  "Swemeh": "Swemeh",
  "Abu Nsair": "Abu Nsair",
  "Shafa Al-Amriya": "Shafa Al-Amriya",
  "Al-Sleihi": "Al-Sleihi",
  "Um Aldananir": "Um Aldananir",
  
  "Madaba": "Madaba",
  "Al-Faisaliyyah": "Al-Faisaliyyah",
  "Al-Fayha'": "Al-Fayha'",
  "Al-Jbeil": "Al-Jbeil",
  "Dalilet Al-Hamaideh": "Dalilet Al-Hamaideh",
  "Hanina Al-Gharbiyyah": "Hanina Al-Gharbiyyah",
  "lob": "lob",
  "Madaba Center": "Madaba Center",
  "Mkawer": "Mkawer",
  "Thiban": "Thiban",
  "Manja": "Manja",
  "Mai'n": "Mai'n",
  "Jelul": "Jelul",
  "Al-Zafaran": "Al-Zafaran",
  "Umm Al Amad": "Umm Al Amad",
  "Hanina": "Hanina",
  "Al-Mokhayam": "Al-Mokhayam",
  "Al-Imam Al-Ghazali": "Al-Imam Al-Ghazali",
  "Juraynah": "Juraynah",
  
  "Aqaba": "Aqaba",
  "Al Atiba'": "Al Atiba'",
  "Al Balad Al Qadeemeh": "Al Balad Al Qadeemeh",
  "Al Herafeyeh": "Al Herafeyeh",
  "Al Mahdood Al Gharby": "Al Mahdood Al Gharby",
  "Al Mahdood Al Sharqy": "Al Mahdood Al Sharqy",
  "Al Mahdood Al Wasat": "Al Mahdood Al Wasat",
  "Al Manarah": "Al Manarah",
  "Al Rimaal": "Al Rimaal",
  "Al Sakaneyeh (10)": "Al Sakaneyeh (10)",
  "Al Sakaneyeh (3)": "Al Sakaneyeh (3)",
  "Al Sakaneyeh (5)": "Al Sakaneyeh (5)",
  "Al Sakaneyeh (6)": "Al Sakaneyeh (6)",
  "Al Sakaneyeh (7)": "Al Sakaneyeh (7)",
  "Al Sakaneyeh (9)": "Al Sakaneyeh (9)",
  "Al Shalalah": "Al Shalalah",
  "Sakan Al Asmedah": "Sakan Al Asmedah",
  "Tala Bay": "Tala Bay",
  "Wadi Rum": "Wadi Rum",
  "Al Ridwan": "Al Ridwan",
  "Qweira": "Qweira",
  "Al-Shamiyah": "Al-Shamiyah",
  "Al-Alamiya": "Al-Alamiya",
  "Karama": "Karama",
  "Al-Nakhil": "Al-Nakhil",
  "Al-Sakaneyeh 8": "Al-Sakaneyeh 8",
  "Al-Shaabiyah": "Al-Shaabiyah",
  "Al Mulqan": "Al Mulqan",
  "Al-Markaziya": "Al-Markaziya",
  "Mulqan Janoubi": "Mulqan Janoubi",
  "Mulqan Shamali": "Mulqan Shamali",
  "Ayla": "Ayla",
  
  "Mafraq": "Mafraq",
  "Al Ghadeer Al Abyad": "Al Ghadeer Al Abyad",
  "Al Mazzeh": "Al Mazzeh",
  "Bala'ama": "Bala'ama",
  "Bowaydet Al Hawamdeh": "Bowaydet Al Hawamdeh",
  "Hayyan Al Moshref": "Hayyan Al Moshref",
  "Idoun": "Idoun",
  "Manshiyyet Bani Hassan": "Manshiyyet Bani Hassan",
  "Rhab": "Rhab",
  "Sabha": "Sabha",
  "Um Al Jimal": "Um Al Jimal",
  "Um Al Na'am Al Gharbiyyeh": "Um Al Na'am Al Gharbiyyeh",
  "Um Al Na'am Al Sharqiyyeh": "Um Al Na'am Al Sharqiyyeh",
  "Ain wa Al-Ma'mariyyeh": "Ain wa Al-Ma'mariyyeh",
  "Umm Al-Quttayn": "Umm Al-Quttayn",
  "Al-Badiah Ash-Shamaliyah": "Al-Badiah Ash-Shamaliyah",
  "Al-Badiah Ash-Shamaliyah Al-Gharbiya": "Al-Badiah Ash-Shamaliyah Al-Gharbiya",
  "Mansoura": "Mansoura",
  "Hawshah": "Hawshah",
  "Dayr Al-Kahf": "Dayr Al-Kahf",
  "Ruwaished": "Ruwaished",
  "Sama As-Sirhan": "Sama As-Sirhan",
  "Dahiyat Al-Jamaa": "Dahiyat Al-Jamaa",
  "Koum Al-Ahmar": "Koum Al-Ahmar",
  "Al-Khirba Al-Samra": "Al-Khirba Al-Samra",
  "Hai Nowarah": "Hai Nowarah",
  "Tayeb Isim": "Tayeb Isim",
  "Znaya": "Znaya",
  "Hayyan Rwaibed": "Hayyan Rwaibed",
  "Al-Bustan": "Al-Bustan",
  "Al-Zaytouna": "Al-Zaytouna",
  "Al-Nithamiya": "Al-Nithamiya",
  "Al-Marajim": "Al-Marajim",
  "Um Sweiweina": "Um Sweiweina",
  "Al-Dajaniya": "Al-Dajaniya",
  "Hweishan": "Hweishan",
  "Bweida Al-Ilimat": "Bweida Al-Ilimat",
  "Al-Daqusma": "Al-Daqusma",
  "Nadira": "Nadira",
  "Um Batima": "Um Batima",
  "Al-Rashada": "Al-Rashada",
  "Um Al-Lulu": "Um Al-Lulu",
  "Safawi": "Safawi",
  "Al-Salhiya": "Al-Salhiya",
  "rahbat Rakad": "rahbat Rakad",
  "Nayfa": "Nayfa",
  "Zamlat Al-Amir Ghazi": "Zamlat Al-Amir Ghazi",
  "Al-Dafyana": "Al-Dafyana",
  "Al-Rfa'iyat": "Al-Rfa'iyat",
  "Al-Za'atari": "Al-Za'atari",
  "Al-Mabruka": "Al-Mabruka",
  "Fa'": "Fa'",
  "Al-Ba'ij": "Al-Ba'ij",
  "Thaghrat Al-Gub": "Thaghrat Al-Gub",
  "Mughayyer Al-Sarhan": "Mughayyer Al-Sarhan",
  "Al-Hamra": "Al-Hamra",
  "Hay Al-Hussein": "Hay Al-Hussein",
  "Hay Al-Dobbat": "Hay Al-Dobbat",
  "Al-Hay Al-Janoubi": "Al-Hay Al-Janoubi",
  "Al-Hay Al-Hashmi": "Al-Hay Al-Hashmi",
  "Hay Al-Zohoor": "Hay Al-Zohoor",
  "Al-Mazraa": "Al-Mazraa",
  "Al-Khalidya": "Al-Khalidya",
  
  "Jerash": "Jerash",
  "Al-Mastaba": "Al-Mastaba",
  "Al-Msherifeh": "Al-Msherifeh",
  "Kufor Khal": "Kufor Khal",
  "Marsa'": "Marsa",
  "Sakib": "Sakib",
  "Salhoub": "Salhoub",
  "Soof": "Soof",
  "Tal Al-Rumman": "Tal Al-Rumman",
  "Kufair": "Kufair",
  "Al-Majdal": "Al-Majdal",
  "Borma": "Borma",
  "Al-Rashaida": "Al-Rashaida",
  "Debbin": "Debbin",
  "Amamah": "Amamah",
  "Unaybah": "Unaybah",
  "Dahl": "Dahl",
  "Al-Kittah": "Al-Kittah",
  "Al-Naseem": "Al-Naseem",
  "Qafqafa": "Qafqafa",
  "Al-Haddadeh": "Al-Haddadeh",
  
  "Al Karak": "Al Karak",
  "A'i": "A'i",
  "Ader": "Ader",
  "Al Msherifeh": "Al Msherifeh",
  "Al-Marj": "Al-Marj",
  "Al-Qatraneh": "Al-Qatraneh",
  "Al-Rabba": "Al-Rabba",
  "Al-Smeikhiyyeh": "Al-Smeikhiyyeh",
  "Al-Thaniyyah": "Al-Thaniyyah",
  "Mu'ta": "Mu'ta",
  "Qusoor Bashir": "Qusoor Bashir",
  "That Ras": "That Ras",
  "Manshiyyet Abu Hammour": "Manshiyyet Abu Hammour",
  "Al-Adnanya": "Al-Adnanya",
  "Al-Mazar Al-Janoubi": "Al-Mazar Al-Janoubi",
  "Zohoom": "Zohoom",
  
  "Ajloun": "Ajloun",
  "A'anjara": "A'anjara",
  "A'fna": "A'fna",
  "Al-Hashimiyyah": "Al-Hashimiyyah",
  "Alqala'a": "Alqala'a",
  "Barqash": "Barqash",
  "Downtown": "Downtown",
  "E'in Jana": "E'in Jana",
  "I'bbeen": "I'bbeen",
  "Kuforanja": "Kuforanja",
  "Sakhra": "Sakhra",
  
  "Ma'an": "Ma'an",
  "Um Sayhoon": "Um Sayhoon",
  "Ayl": "Ayl",
  "Petra": "Petra",
  "Bayda": "Bayda",
  "Jaya": "Jaya",
  "Jafr": "Jafr",
  "Al-Hussainiyyah": "Al-Hussainiyyah",
  "Al-Shobak": "Al-Shobak",
  "Al-Mraigha": "Al-Mraigha",
  "Ras An-Naqab": "Ras An-Naqab",
  "Sath Ma'an": "Sath Ma'an",
  "Shmakh": "Shmakh",
  "Ma'an Qasabah": "Ma'an Qasabah",
  "Najl": "Najl",
  "Wadi Musa": "Wadi Musa",
  
  "Ramtha": "Ramtha",
  "Al Bweida": "Al Bweida",
  "Al Shajara": "Al Shajara",
  "Al Thneibeh": "Al Thneibeh",
  "Al Torra": "Al Torra",
  "Amrawa": "Amrawa",
  "Romtha": "Romtha",
  
  "Tafila": "Tafila",
  "Al-Hasa": "Al-Hasa",
  "Al-Qadisiyyah": "Al-Qadisiyyah",
  "Al-Qasr": "Al-Qasr",
  "Al-Rashadiyyah": "Al-Rashadiyyah",
  "Bseira": "Bseira",
  "Dana": "Dana",
  "Jurf Al-Daraweesh": "Jurf Al-Daraweesh",
  "Al-Ayes": "Al-Ayes",
  
  "Jordan Valley": "Jordan Valley ",
  "Dead Sea": "Dead Sea"
}